article_name	discipline
Ethnography	anthropology
Linguistics	anthropology
Kinship	anthropology
Demography	anthropology
Psychometrics	psychology
Archaeology	anthropology
Behaviorism	psychology
Perception	psychology
Intelligence	psychology
Psychoanalysis	psychology
Religion	anthropology
Gender	sociology
Slavery	anthropology
Communism	political_science
Psychologist	psychology
Marriage	anthropology
Ideology	sociology
Marxism	sociology
Liberalism	political_science
Anarchism	political_science
Meme	anthropology
Anthrozoology	anthropology
Language	anthropology
Psychophysics	psychology
Jurisprudence	political_science
Civilization	anthropology
Fascism	political_science
Authoritarianism	political_science
Ethnolinguistics	anthropology
Ethnoarchaeology	anthropology
Ethnohistory	anthropology
Propaganda	political_science
Ethnomuseology	anthropology
Psychiatry	psychology
Human	anthropology
Tribe	anthropology
Patriarchy	anthropology
Money	anthropology
Communitarianism	political_science
Neuroanthropology	anthropology
Paleoanthropology	anthropology
Zooarchaeology	anthropology
Culturalism	sociology
Bureaucracy	political_science
Paleoethnobotany	anthropology
Patrilineality	anthropology
Socialization	sociology
Hunter-gatherer	anthropology
Anthropometry	anthropology
Elite	political_science
Self-esteem	psychology
Marginalism	economics
Anthropologist	anthropology
Mind	psychology
Enculturation	sociology
Nobility	anthropology
Matrilineality	anthropology
Revolution	
Institution	political_science
Ethnobiology	anthropology
Matriarchy	anthropology
Happiness	anthropology
Lumpenproletariat	anthropology
Serfdom	anthropology
Peasant	anthropology
Malthusianism	anthropology
Rights	
Egalitarianism	political_science
Intellectual	anthropology
Consanguinity	anthropology
Totalitarianism	political_science
Ethnozoology	anthropology
Microculture	anthropology
Reductionism	sociology
Polygyny	anthropology
Household	sociology
Bioculture	sociology
Aristocracy	anthropology
Interculturalism	anthropology
Concubinage	sociology
Health	anthropology
Ethnoecology	anthropology
Ethnomedicine	anthropology
Regulation	political_science
Ethnocinema	anthropology
Ethnomethodology	sociology
Property	anthropology
Biculturalism	sociology
Protoculture	anthropology
Languaculture	anthropology
Ethnogenesis	anthropology
Descent_group	anthropology
Kin_group	anthropology
Indoctrination	sociology
Averroes	psychology
Oligarchy	political_science
Modernity	sociology
Jealousy	anthropology
Genealogy	anthropology
Rationality	psychology
Discourse	anthropology
Mores	sociology
Underclass	anthropology
Kshatriya	anthropology
Hysteria	psychology
Homophily	sociology
Antipositivism	sociology
Dehumanization	sociology
Warrior	anthropology
Psychopathy	psychology
Neurodiversity	sociology
Experience	psychology
Avunculate	anthropology
Ethnofiction	anthropology
Sibling	anthropology
Ethnosymbolism	political_science
Personality	psychology
Nonviolence	
Ethnopsychopharmacology	anthropology
Classicide	anthropology
Race_(human_categorization)	anthropology
Brainwashing	psychology
Ethnoscience	anthropology
American_anthropology	anthropology
Parvenu	anthropology
Child	anthropology
Ethnomathematics	anthropology
Ethnotaxonomy	anthropology
Chiefdom	anthropology
Self-concept	psychology
Netnography	anthropology
Ethnostatistics	anthropology
Deception	psychology
Matrilateral	anthropology
Cousin	anthropology
Ethnosemiotics	anthropology
Hierarchy	political_science
Empowerment	anthropology
Cultural_assimilation	anthropology
Wedding	anthropology
Metroethnicity	anthropology
Ethnogeology	anthropology
Unilineality	anthropology
Ambilineality	anthropology
Solidarity	sociology
Taboo	anthropology
Disownment	anthropology
Affection	anthropology
Census	political_science
Peace	
Anarcho-primitivism	anthropology
Sadness	anthropology
Social	sociology
Autoethnography	anthropology
Xenocentrism	anthropology
Nation_state	political_science
Desire	anthropology
Authority	
Social_norm	sociology
Cultural_movement	anthropology
Ancestor	anthropology
Meditation	psychology
Ableism	sociology
Cultural_identity	anthropology
Kinship_terminology	anthropology
Transidioethnography	anthropology
Identity_(social_science)	sociology
Systems_of_social_stratification	
Inclusive_fitness_in_humans	anthropology
Reality_tunnel	psychology
Social_stratification	anthropology
Civilization_state	political_science
Progenitor	anthropology
Introspection	psychology
Online_ethnography	anthropology
Ethnoichthyology	anthropology
Convention_(norm)	sociology
PsycINFO	psychology
Embeddedness	anthropology
Social_reality	sociology
Annoyance	anthropology
Brother	anthropology
Choice	
Liberism	political_science
Uncle	anthropology
Statism	political_science
Sister	anthropology
Schema_(psychology)	psychology
Cultural_anthropology	anthropology
Conventional_wisdom	political_science
Cultural_ecology	anthropology
Behavioralism	political_science
Impossibilism	political_science
Sleep	psychology
Superpower	political_science
Defeatism	psychology
Echo_chamber_(media)	political_science
Life_stance	anthropology
Woozle_effect	sociology
Literacy	anthropology
Governance	political_science
Socialite	sociology
Nomad	anthropology
Self-actualization	psychology
Sibling-in-law	anthropology
Noam_Chomsky	anthropology
Pantribal_sodality	anthropology
Liminality	anthropology
I-spread	economics
Blacklisting	sociology
Aporophobia	sociology
Freedom	
Ecopsychology	psychology
Afrophobia	sociology
Pathognomy	psychology
Hypnosis	psychology
Archetype	anthropology
Mainstream	sociology
Charisma	sociology
Ethnic_religion	anthropology
Self-pity	psychology
Microsociology	sociology
Interview	political_science
Matrifocal_family	anthropology
Lineage-bonded_society	anthropology
Ecological_anthropology	anthropology
Ethnographic_film	anthropology
National_origin	anthropology
Feminist_anthropology	anthropology
Origin_myth	anthropology
Deindividuation	sociology
Verstehen	
Matrilocal_residence	anthropology
Critical_ethnography	anthropology
Westernization	sociology
Ethnographic_group	anthropology
Symbolic_ethnicity	sociology
Ethnographic_realism	anthropology
Ethnographic_village	anthropology
Social_stigma	sociology
Masculinity	anthropology
Social_Darwinism	sociology
Social_structure	sociology
Cultural_relativism	anthropology
Self-image	psychology
Promiscuity	anthropology
Manorialism	anthropology
Trans-cultural_diffusion	anthropology
Alliance_theory	anthropology
Neurophilosophy	psychology
Gitel_Steed	anthropology
Superstate	political_science
Whiggism	political_science
Fictive_kinship	anthropology
Social_exclusion	sociology
Confucian_classes	anthropology
Auto-segregation	sociology
Cultural_issues	anthropology
Cantometrics	anthropology
Sociology_of_sociology	sociology
Nurture_kinship	anthropology
Will_(sociology)	sociology
Social_Bonding_and_Nurture_Kinship	anthropology
Culture_theory	anthropology
Australian_Aboriginal_kinship	anthropology
Precariat	anthropology
State_(polity)	political_science
Social_anthropology	anthropology
Neo-nationalism	anthropology
Honeymoon	anthropology
Royal_descent	anthropology
Self-awareness	psychology
Ceremony	anthropology
Cultural_materialism_(anthropology)	anthropology
Interactionism	sociology
Country	anthropology
Matriname	anthropology
Biological_anthropology	anthropology
Ultranationalism	political_science
Inalienable_possessions	anthropology
Transnational_psychology	psychology
Classless_society	anthropology
Economic_anthropology	anthropology
Outline_of_thought	psychology
Affinity_(law)	anthropology
Adlerian	psychology
Political_economy_in_anthropology	anthropology
Kapu	anthropology
Macrosociology	sociology
Self-love	anthropology
Gynocentrism	anthropology
History_of_anthropology	anthropology
Intellect	psychology
Henri_Bergson	psychology
Osteology	anthropology
Androcentrism	anthropology
Mongoloid	anthropology
Blanquism	political_science
Linguistic_anthropology	anthropology
Philosophy_of_psychology	psychology
Human_ecology	anthropology
Secularity	
Sociological_positivism	sociology
Agreeableness	psychology
Gift_economy	anthropology
Environmental_anthropology	anthropology
Ethnoornithology	anthropology
Biopower	political_science
Lingeer	anthropology
Anthropology_of_art	anthropology
History_of_psychology	psychology
Class_discrimination	anthropology
Negroid	anthropology
Intentionality	psychology
Stateless_society	anthropology
Anthropology_of_development	anthropology
Structural_anthropology	anthropology
Astroturfing	political_science
New_class	political_science
Role	sociology
Legal_anthropology	anthropology
Poverty_class	anthropology
People_power	sociology
Social_network	sociology
Social_constructionism	sociology
Anthropology_of_institutions	anthropology
History_of_sociology	sociology
People	anthropology
Polyarchy	political_science
Personality_psychology	psychology
Barbarian	anthropology
Eco-nationalism	political_science
Neuropolitics	political_science
Social_alienation	sociology
Nocebo	anthropology
Development_anthropology	anthropology
Outline_of_sociology	sociology
Emotional_intelligence	psychology
Ideal_(ethics)	psychology
Ethnolichenology	anthropology
History_of_human_thought	psychology
Developmental_psychology	psychology
Lexicon	anthropology
Serer-Laalaa	anthropology
Consumer_class	anthropology
Outline_of_anthropology	anthropology
Applied_anthropology	anthropology
Medical_Anthropology_(journal)	
Anthropology_of_media	anthropology
Society_for_Medical_Anthropology	anthropology
Reflexivity_(social_theory)	sociology
Class_enemy	anthropology
Emic_and_etic	anthropology
Nanosocialism	political_science
Visual_anthropology	anthropology
Medical_anthropology	anthropology
Sibling_relationship	anthropology
Australo-Melanesian	anthropology
Class_society	anthropology
Visual_Anthropology_(journal)	anthropology
Urban_anthropology	anthropology
Enactivism	psychology
Behavioral_neuroscience	psychology
Upper_class	anthropology
Serer-Noon	anthropology
Power_(social_and_political)	sociology
Behavioural_genetics	psychology
Sociosexuality	sociology
PsyScope	psychology
Inbreeding	anthropology
Ethnoherpetology	anthropology
Linguistic_description	anthropology
Conflict_theories	sociology
Digital_anthropology	anthropology
Nutritional_anthropology	anthropology
Batak	anthropology
Anthropological_linguistics	anthropology
Collateral_descendant	anthropology
Destabilisation	psychology
Evolutionary_psychology	psychology
Cognitive_anthropology	anthropology
Pre-Marxist_communism	political_science
Human_Universals	anthropology
Androcracy	anthropology
Lineal_descendant	anthropology
History_of_economic_thought	economics
Social_position	sociology
Second-degree_relative	sociology
Character_mask	sociology
Hypostatic_model_of_personality	psychology
Internalization	sociology
Status_group	anthropology
Sociological_theory	sociology
Feminist_theory	sociology
Cultural_universal	anthropology
Royal_Anthropological_Institute_of_Great_Britain_and_Ireland	anthropology
Neo-Ricardianism	economics
Cultural_liberalism	political_science
Cultural_nationalism	anthropology
Political_spectrum	political_science
Legal_culture	anthropology
Bullying_and_emotional_intelligence	psychology
Hugh_Brody	anthropology
Bureaucrat	political_science
Anthropological_theories_of_value	anthropology
Thick_description	anthropology
Bibliography_of_anthropology	anthropology
Adam_Kuper	anthropology
Subfields_of_psychology	psychology
House_society	anthropology
Homosociality	sociology
Heterosociality	sociology
International_Association_for_Cross-Cultural_Psychology	psychology
Participant_observation	anthropology
Musketeer	anthropology
Formicophilia	psychology
Reeler	psychology
Practice_theory	sociology
Glossary_of_economics	economics
Elite_class	anthropology
Cross-cultural_psychology	psychology
Cultural_psychology	psychology
Philosophy_of_culture	anthropology
Chinese_kinship	anthropology
Postnationalism	political_science
Old_money	anthropology
Proverb	anthropology
Mudsill_theory	sociology
Affective_forecasting	psychology
Stereotype_threat	psychology
Historical_particularism	anthropology
Political_sociology	political_science
Public_anthropology	anthropology
Mutualism_(economic_theory)	economics
Sedentism	anthropology
Standard_Cross-Cultural_Sample	anthropology
Newlywed	anthropology
Manchester_school_(anthropology)	anthropology
Ethnography_at_the_British_Museum	anthropology
Bride_service	anthropology
Postmodernist_anthropology	anthropology
List_of_years_in_anthropology	anthropology
Semiotic_anthropology	anthropology
Mosuo_women	anthropology
List_of_matrilineal_or_matrilocal_societies	anthropology
McDonaldization	sociology
Human_Relations_Area_Files	anthropology
Constantino_Manuel_Torres	anthropology
Social_cognitive_neuroscience	psychology
Museum_of_Mankind	anthropology
Historical_anthropology	anthropology
Ex-ex-gay	psychology
Behavioral_epigenetics	psychology
Interaction	sociology
Historical_ecology	anthropology
Intercultural_communication	anthropology
Sociotechnology	sociology
Philosophy_and_economics	economics
White_power_music	political_science
Marxism_and_Keynesianism	economics
Cognitive_science	psychology
Authoritarian_personality	psychology
Pink-collar_worker	anthropology
Aristocracy_(class)	anthropology
Business_magnate	anthropology
Three-component_theory_of_stratification	sociology
Ethnoprimatology	anthropology
Ecological_modernization	sociology
Frankfurt_School	sociology
Creative_class	anthropology
Green-collar_worker	anthropology
High_culture	anthropology
Middle_class	anthropology
White-collar_worker	anthropology
Incest_taboo	anthropology
Paleopathology	anthropology
Barclaycard	economics
Euromyth	political_science
Emotional_blackmail	psychology
Visa_Cash	economics
Proletarian_internationalism	political_science
Positive_psychology	psychology
Anti-LGBT_rhetoric	political_science
Social_mobility	anthropology
Why_there_is_anything_at_all	psychology
Cognitive_Neuroscience_Society	psychology
Neuroscientist	psychology
Grundzüge_der_physiologischen_Psychologie	psychology
Prognathism	anthropology
Post-behavioralism	political_science
Performativity	sociology
Asabiyyah	sociology
Flexible_class_system	anthropology
Cultural_diversity	anthropology
Vertical_mobility	sociology
Eagle_warrior	anthropology
Working_poor	sociology
Ranked_society	anthropology
Public_administration	political_science
Centralisation	political_science
PsychoPy	psychology
Patrilocal_residence	anthropology
Deviance_(sociology)	sociology
Milk_kinship	anthropology
Free-market_anarchism	political_science
Emotional_literacy	psychology
French_and_Raven's_bases_of_power	sociology
Ethical_socialism	political_science
List_of_developmental_psychologists	psychology
Class_revolution	anthropology
Civic_nationalism	political_science
Economic_freedom	economics
Collective_mental_state	sociology
World-system	sociology
Separation_of_powers	political_science
List_of_educational_psychologists	psychology
Ecstasy_(emotion)	psychology
Horseshoe_theory	political_science
Feminist_political_theory	political_science
Nous	psychology
Ressentiment	
Feminist_psychology	psychology
Genetics_of_shyness	psychology
List_of_psychologists	psychology
Capability_approach	sociology
Self-interest	psychology
Working_class	anthropology
Social_class_in_Aztec_society	anthropology
Cultural_mapping	anthropology
Diane_Bell_(anthropologist)	anthropology
Psychoanalytic_theory	psychology
Joking_relationship	anthropology
Designation_of_workers_by_collar_color	anthropology
Chattering_classes	sociology
List_of_paleoethnobotanists	anthropology
Horse_culture	anthropology
Spoon_class_theory	sociology
Pain_psychology	psychology
Self-confrontation_method	psychology
Jaguar_warrior	anthropology
Community_psychology	psychology
Cultural_area	anthropology
Eskimo_kinship	anthropology
Leymann_Inventory_of_Psychological_Terror	psychology
Panarchy	political_science
Hawaiian_kinship	anthropology
Bumiputera_(Malaysia)	anthropology
Social_theory	sociology
Homosexuality_and_psychology	psychology
New-collar_worker	anthropology
Palingenetic_ultranationalism	anthropology
Classificatory_kinship	anthropology
Nolan_Chart	political_science
Sociometry	sociology
Donor_Class	anthropology
Four_Cornerstone_Model_of_Emotional_Intelligence	psychology
Conservative_liberalism	political_science
Cultural_appropriation	anthropology
Negative_liberty	
Biology_of_love_styles	psychology
Social_rights_(social_contract_theory)	
One-drop_rule	anthropology
Open–closed_political_spectrum	political_science
Power_distance	
Cognatic_kinship	anthropology
Altered_state_of_consciousness	psychology
Overspecialization	anthropology
Appraisal_theory	psychology
Political_ecology	anthropology
Human_geography	anthropology
Depression_(mood)	psychology
Emotional_reasoning	psychology
Magnate	anthropology
Daniel_Guérin	political_science
Open_society	
History_of_capitalist_theory	economics
Music_psychology	psychology
Psychobabble	psychology
Lifeworld	sociology
History_of_emotions	psychology
Social_contract	sociology
Jerry_Fodor	psychology
Mathematical_psychology	psychology
Félix_Guattari	psychology
Cultural_capital	sociology
Labeling_theory	sociology
Hypnopompic	anthropology
Cultural_translation	sociology
Social_degeneration	psychology
Low_culture	anthropology
Cultural_memory	anthropology
Omaha_kinship	anthropology
Cultural_bias	anthropology
Primitive_Culture_(book)	anthropology
Iroquois_kinship	anthropology
Primitivism	anthropology
Women-are-wonderful_effect	psychology
Consensus_theory	sociology
Openness	sociology
Anthroponymy	anthropology
Crow_kinship	anthropology
Lineage_(anthropology)	anthropology
Trust_(social_science)	sociology
Asch_conformity_experiments	psychology
Sudanese_kinship	anthropology
Aversion_to_happiness	anthropology
Moiety_(kinship)	anthropology
Theory_of_constructed_emotion	psychology
Rush_(psychology)	psychology
Milgram_experiment	psychology
Robert_Michels	political_science
Pournelle_chart	political_science
Regional_power	political_science
Rural_Sociological_Society	sociology
Cognitivism_(psychology)	psychology
National_conservatism	political_science
Miscarriage_and_grief	anthropology
Louise_Hay	psychology
Enema	anthropology
Gaonburha	anthropology
Choice_modelling	economics
Low_arousal_theory	psychology
Elaboration	psychology
MaxDiff	psychology
Guilford's_Alternate_Uses	psychology
Odnodvortsy	anthropology
PubPsych	psychology
Boyar_scions	anthropology
PsychOpen	psychology
Bhadralok	anthropology
Bratachari_movement	anthropology
CapOpus	psychology
Neophile	sociology
MIDAS_Trial	psychology
NOPAT	economics
Graphorrhea	psychology
Echoborg	psychology
Cyranoid	psychology
NOPLAT	economics
List_of_language_disorders	psychology
Reflexiveness	anthropology
Mouzadar	anthropology
Hockett's_design_features	anthropology
Emotional_responsivity	psychology
List_of_psychiatrists	psychology
Human_nature	anthropology
List_of_psychological_schools	psychology
Social_aspects_of_jealousy	sociology
Need	psychology
Identity_(philosophy)	psychology
Neoevolutionism	anthropology
Public_policy	political_science
Triune_ethics_theory	psychology
Mental_state	psychology
High-context_and_low-context_cultures	anthropology
Occupational_health_psychology	psychology
Cultural_mediation	anthropology
Cultural_policy	anthropology
Personal_life	anthropology
Structuration_theory	sociology
Cultural_deprivation	anthropology
Gaston_Bachelard	psychology
Bandwagon_effect	economics
Mind–body_problem	psychology
Mass_society	sociology
Cognitive_social_structures	sociology
Vernacular_culture	anthropology
Culture_change	anthropology
Informal_social_control	sociology
Cultural_behavior	anthropology
Bibliography_of_sociology	sociology
Neuroscience_and_sexual_orientation	anthropology
Doxa	anthropology
Symbolic_culture	anthropology
Symbolic_interactionism	sociology
Cultural_determinism	anthropology
Baronet	anthropology
Popular_class	anthropology
The_Interpretation_of_Dreams	psychology
Outline_of_culture	anthropology
Anthropization	anthropology
Social_liberalism	political_science
Economic_inequality	sociology
Occupational_segregation	sociology
Serer_people	anthropology
Base_and_superstructure	sociology
Class_gap	anthropology
Social_control	political_science
Religious_socialism	political_science
Gestalt_psychology	psychology
Spatial_politics	political_science
Nationalism_and_gender	political_science
Deterritorialization	political_science
Social_integration	sociology
Nomothetic	sociology
Social_cognition_and_interaction_training	psychology
Psychological_testing	psychology
Integrated_geography	anthropology
Universal_monarchy	political_science
Metapsychology	psychology
List_of_psychology_disciplines	psychology
Collapsology	sociology
Constitutional_patriotism	political_science
Social_class_in_the_Muslim_world	anthropology
Middle_power	political_science
Missing_white_woman_syndrome	anthropology
Mentalization	psychology
Transpersonal_psychology	psychology
International_Society_of_Political_Psychology	psychology
Structural_discrimination	sociology
Open_Dialogue	psychology
Volksgeist	anthropology
Differential_psychology	psychology
Metalanguage	anthropology
Human_evolution	anthropology
Digital_media_use_and_mental_health	anthropology
Cognitive_therapy	psychology
Cogito,_ergo_sum	psychology
Critical_thinking	
List_of_phobias	psychology
Systems_psychology	psychology
Ascribed_status	sociology
Family_disruption	sociology
Early_European_modern_humans	anthropology
Everyday_life	anthropology
Comparative_psychology	psychology
Outline_of_economics	economics
Understanding_of_Self_and_Identity	psychology
Living_apart_together	sociology
History_of_anthropology_by_country	anthropology
Atkinson–Shiffrin_memory_model	psychology
Impulse_(psychology)	psychology
Culture_and_social_cognition	anthropology
Intergroup_relations	psychology
Transnational_progressivism	political_science
Representative_bureaucracy	political_science
Discursive_psychology	psychology
Radicalization	sociology
List_of_psychologists_on_postage_stamps	psychology
Cultural_baggage	sociology
Critical_psychology	psychology
Surplus_product	anthropology
Cultural_practice	anthropology
Official_culture	anthropology
Tripartism	political_science
Interpersonal_neurobiology	psychology
Cultural_lag	anthropology
Economic_history	economics
Cross-cultural_capital	sociology
Bennett_scale	anthropology
Social_group	sociology
Welfare_culture	anthropology
Cultural_industry	sociology
Cultural_intelligence	anthropology
Tribe_(internet)	anthropology
Semiotics_of_culture	anthropology
Cultural_radicalism	anthropology
Design_culture	anthropology
Cultural_emphasis	anthropology
Psychtoolbox_for_MATLAB	psychology
Cultural_retention	anthropology
Borderline_personality_disorder	psychology
PEBL_(software)	psychology
Theology_of_culture	anthropology
Social_dominance_theory	psychology
Police_state	political_science
Unilineal_evolution	anthropology
Serer_maternal_clans	anthropology
Equality_before_the_law	political_science
Leadership_spill	political_science
Cultural_hegemony	
Mode_of_production	sociology
Diversity_training	sociology
Blood_donation_restrictions_on_men_who_have_sex_with_men	anthropology
Abstraction_(sociology)	sociology
Fusion_of_powers	political_science
Stanford_prison_experiment	psychology
Mahram	anthropology
Great_power	political_science
Race_to_the_bottom	economics
Heterarchy	sociology
Politicisation	political_science
Europeanisation	political_science
Affinity_(sociology)	sociology
Calceology	anthropology
Knowledge_economy	economics
Timeline_of_psychology	psychology
Hospitality	anthropology
List_of_important_publications_in_psychology	psychology
Axe-monies	anthropology
Eastern_philosophy_in_clinical_psychology	psychology
Type–token_distinction	anthropology
Health_psychology	psychology
Genetic_epistemology	psychology
Self-affirmation	psychology
Theoretical_psychology	psychology
Susto	anthropology
List_of_psychological_research_methods	psychology
Anthropogeny	anthropology
Medical_psychology	psychology
Psychological_behaviorism	psychology
Biology_of_attachment	psychology
List_of_women_psychologists	psychology
Engineering_economics_(civil_engineering)	economics
Methodological_individualism	sociology
Psychiatric_genetics	psychology
Karen_Horney	psychology
Line_infantry	anthropology
Rationalization_(sociology)	sociology
Asian_psychology	psychology
Popular_psychology	psychology
Mental_operations	psychology
Ergodicity_economics	economics
Sticky_mouse	psychology
Polymorphous_perversity	psychology
Thumos	psychology
Engineering_economics	economics
Compassion_fade	psychology
Legal_history	political_science
Ego-dystonic_sexual_orientation	psychology
Technology_and_society	sociology
Gaia_philosophy	anthropology
Frustration–aggression_hypothesis	psychology
Queen_regnant	anthropology
Hierarchical_organization	political_science
Citrinitas	psychology
Feminist_geography	anthropology
Economic_calculation_problem	economics
Bedtime_story	sociology
Erotic_target_location_error	psychology
Scrambler_mouse	psychology
Public_policy_doctrine	political_science
99ers	economics
Political_culture	political_science
Black_wedding	anthropology
Field_(Bourdieu)	sociology
History_of_terrorism	political_science
Class_inequality	anthropology
Goddess_movement	anthropology
List_of_ideological_symbols	political_science
Human_rights	anthropology
Jabo_people	anthropology
Blackboxing	sociology
Country_Party_(Britain)	political_science
FORDISC	anthropology
Inverted_totalitarianism	political_science
Doubling_(psychodrama)	psychology
Nosophobia	psychology
Georges_Bataille	sociology
Social_cycle_theory	sociology
Statolatry	political_science
Professionalization	sociology
Social_revolution	sociology
Formalist–substantivist_debate	anthropology
Bourgeois_nationalism	political_science
Hypodescent	anthropology
Highbrow	anthropology
Cold_and_heat_adaptations_in_humans	anthropology
Orality	anthropology
Raptio	anthropology
Fluctuating_asymmetry	anthropology
Band_society	anthropology
Behavioral_geography	anthropology
Völkerpsychologie	psychology
Buddhism_and_psychology	psychology
Martin_Gurri	political_science
Advanced_capitalism	economics
Bafour	anthropology
History_of_anthropometry	anthropology
Black_psychology	psychology
Public_opinion	political_science
Valitor	economics
Ohio_Youth_Problems,_Functioning_and_Satisfaction_Scales_(Ohio_scales)	psychology
Associationism	psychology
Outline_of_psychology	psychology
Vertical_archipelago	anthropology
Psychological_determinism	psychology
Phillips_curve	economics
List_of_social_psychologists	psychology
Swanson,_Nolan_and_Pelham_Teacher_and_Parent_Rating_Scale	psychology
Public_choice	political_science
Schools_of_economic_thought	economics
Quantitative_research	sociology
History_of_psychology_(discipline)	psychology
History_of_propaganda	political_science
Folk_psychology	psychology
Adult_ADHD_Self-Report_Scale	psychology
Kremlinology	political_science
Thatcher_effect	psychology
Yale_Global_Tic_Severity_Scale	psychology
Color_psychology	psychology
Dissociation_(psychology)	psychology
Meaning_(psychology)	psychology
Filipino_psychology	psychology
Feminine_psychology	psychology
Evidence-based_assessment	psychology
Employment_integrity_testing	psychology
Forward_testing_effect	psychology
Peter_Sloterdijk	anthropology
List_of_psychology_organizations	psychology
Organismic_theory	psychology
Sociology_of_law	political_science
The_Mood_and_Feelings_Questionnaire	psychology
Experimental_psychology	psychology
Cardiac_psychology	psychology
Social_neuroscience	psychology
Internalization_(sociology)	sociology
Social_model_of_disability	sociology
Control_by_deprivation	psychology
Society_for_Personality_and_Social_Psychology	psychology
List_of_psychological_effects	psychology
Sociology_of_immigration	sociology
Repertory_grid	psychology
World3	economics
Norm_(philosophy)	
Survey_Research_Methods	political_science
Feminist_views_on_the_Oedipus_complex	psychology
Philosophical_analysis	psychology
Philosophical_anthropology	anthropology
Super-chicken_model	psychology
Hobby	anthropology
Carnism	psychology
Six_degrees_of_separation	sociology
Timeline_of_coaching_psychology	psychology
Sociology_of_Religion_(journal)	sociology
Linguistic_relativity	anthropology
Qualitative_research	psychology
Legal_psychology	psychology
Agency_(philosophy)	sociology
Lange_model	economics
Philosophy_of_life	anthropology
Future_orientation	psychology
Normalization_(sociology)	sociology
Electra_complex	psychology
Triangular_theory_of_love	psychology
Structural_violence	sociology
Budapest_School	sociology
Noble_savage	anthropology
Structure_and_agency	sociology
Social_engineering_(political_science)	political_science
Public_Administration_of_Spain	political_science
Friendly_Fascism_(book)	
F._G._Bailey	anthropology
Boasian_anthropology	anthropology
Phenomenology_(sociology)	sociology
Civic_virtue	
Secular_liberalism	political_science
Milieu_control	sociology
Necropolitics	sociology
An_Essay_on_the_Inequality_of_the_Human_Races	anthropology
Instrumental_Marxism	sociology
Traditional_authority	sociology
Spiral_of_silence	political_science
Social_formation	sociology
Mesosociology	sociology
Caucasian_race	anthropology
Proto-Malay	anthropology
State_Socialism_(Germany)	political_science
Marx's_theory_of_human_nature	anthropology
Peace_psychology	psychology
Positive_liberty	
Embodied_imagination	anthropology
Herbivore_men	psychology
Postcognitivism	psychology
Comics_archaeology	anthropology
Yield_curve	economics
Classical_Marxism	sociology
Endophenotype	psychology
Affordance	psychology
Luce_Irigaray	psychology
Social_conservatism	political_science
Mortgage_yield	economics
Philosophy_of_archaeology	anthropology
Backwardness	economics
Nominal_yield	economics
Environmental_politics	political_science
Moody's_Aaa_Bond	economics
Rape_myth	political_science
Nigredo	psychology
Gold_digger	sociology
Variable_rate_debt_obligation	economics
Political_communication	political_science
Propaganda_techniques	political_science
Mosuo	anthropology
Psychological_Abstracts	psychology
Albedo_(alchemy)	psychology
Heterodox_economics	economics
Coupled_human–environment_system	anthropology
Rubedo	psychology
PsycLIT	psychology
Teip	anthropology
Forensic_anthropology	anthropology
Psychology_&_Developing_Societies	psychology
Knapp's_relational_development_model	anthropology
Cognitive_revolution	psychology
Theory_of_language	anthropology
Parable_of_the_broken_window	economics
Journal_of_Bisexuality	anthropology
Kriza_János_Ethnographic_Society	anthropology
National_accounts	economics
Translation_(sociology)	sociology
Built_environment	anthropology
The_arts	anthropology
Journal_of_Homosexuality	anthropology
LGBT_linguistics	anthropology
Foucault's_lectures_at_the_Collège_de_France	political_science
Dog_whistle_(politics)	political_science
Urban_legend	political_science
Histrionic_personality_disorder	psychology
Homosexual_behavior_in_animals	anthropology
Glossary_of_psychiatry	
Aggressionism	anthropology
Security,_Territory,_Population	political_science
Structuralism_(psychology)	psychology
Theory_of_multiple_intelligences	psychology
Bodymind	psychology
Genopolitics	political_science
Matriarchal_religion	anthropology
Choiceless_awareness	psychology
Political_polarization	political_science
World_Values_Survey	political_science
Narcotizing_dysfunction	sociology
Open_economy	economics
Activity_theory	sociology
Influence_of_mass_media	political_science
Area_studies	anthropology
Behavioral_neurogenetics	psychology
Comparative_politics	political_science
Gemeinschaft_and_Gesellschaft	sociology
Inner_peace	psychology
Sociomapping	sociology
Cognitive_archaeology	anthropology
Untersuchungen_über_die_Bedeutung_der_Deszendenztheorie_für_die_Psychologie	psychology
Gender_mainstreaming	political_science
Political_socialization	political_science
Internal_colonialism	sociology
Collective_ownership	economics
Theory_of_Regal_and_Kungic_Societal_Structures	sociology
Configurational_analysis	anthropology
Quality_of_life	sociology
Satiric_misspelling	political_science
Market_liberalism	economics
Lingeer_Ndoye_Demba	anthropology
Infrastructural_power	political_science
Culture_shock	anthropology
Social_studies_of_finance	anthropology
Geography_and_wealth	anthropology
Party_identification	political_science
Mandailing_people	anthropology
Applied_behavior_analysis	psychology
Social_movement_theory	sociology
Human_variability	anthropology
Post-democracy	political_science
International_studies	political_science
Andriana	anthropology
Marxist_geography	anthropology
Dunbar's_number	sociology
Embedded_liberalism	political_science
Interactionism_(nature_versus_nurture)	psychology
Race_and_society	anthropology
Noosphere	psychology
Sinodonty_and_Sundadonty	anthropology
Sexual_capital	sociology
Circumscription_theory	anthropology
Female_promiscuity	anthropology
Joos_Maternal_Dynasty	anthropology
Indian_Sociological_Society	sociology
Interview_(research)	political_science
Neolocal_residence	anthropology
Theatre_state	anthropology
Chicago_school_(sociology)	sociology
Nomadic_pastoralism	anthropology
Cäcilia_Rentmeister	anthropology
Development_theory	sociology
Bertil_Lundman	anthropology
Reference_group	anthropology
Counterintelligence_state	political_science
Sophistication	anthropology
Parochialism	political_science
Schizotypy	psychology
Jungin	anthropology
Cyberpsychology	psychology
Segmentary_lineage	anthropology
Salvage_ethnography	anthropology
Muted_group_theory	anthropology
Age_set	anthropology
Johnson_cult	political_science
Political_freedom	
The_labor_problem	economics
Martial_race	anthropology
Aryan_race	anthropology
Social_network_analysis	sociology
Marriage_in_pre-Islamic_Arabia	anthropology
Leveling_mechanism	anthropology
Genealogical_DNA_test	anthropology
Maledictology	psychology
Achieved_status	sociology
Big_man_(anthropology)	anthropology
The_True_Believer	psychology
Left–right_paradigm	political_science
Accelerator_effect	economics
Types_of_social_groups	sociology
Mouth_breathing	anthropology
Biological_basis_of_personality	psychology
Effective_group_decision-making	anthropology
Psychonautics	psychology
In-group_favoritism	sociology
Genetics_of_impulsivity	psychology
Mapping_controversies	sociology
Personality_disorder	psychology
Dialogical_self	psychology
Filter_bubble	political_science
Dimensional_models_of_personality_disorders	psychology
Birth_order	psychology
Organizational_theory	sociology
List_of_psychotherapies	psychology
Economic_model	economics
Coping	anthropology
Ideal_type	sociology
Marginal_utility	economics
Double_articulation	anthropology
Prestige_(sociolinguistics)	sociology
Injustice	
Greatness	sociology
Official_statistics	political_science
Nudge_theory	psychology
Abuse_prevention_program	sociology
Transfer_(propaganda)	psychology
Wedding_dress	anthropology
Wakefulness	psychology
Fake_seance	psychology
Paralanguage	sociology
Social_capital	sociology
History_of_psychotherapy	psychology
Superficiality	anthropology
Hyperthymic_temperament	psychology
Philosophy_of_psychiatry	psychology
Grounded_theory	psychology
National_psychology	anthropology
World_Association_for_Public_Opinion_Research	political_science
Psychological_nativism	psychology
Psychological_research	psychology
Relationships_and_health	psychology
Proto-industrialization	economics
Wedding_vow_renewal_ceremony	anthropology
Regulatory_capitalism	political_science
Minangkabau_people	anthropology
Cultural_criminology	sociology
Generationism	sociology
Action_theory_(sociology)	sociology
Economic_evaluation_of_time	psychology
Rational-legal_authority	sociology
Edinburgh_Phrenological_Society	psychology
Cross-cultural_psychiatry	anthropology
Henri-Étienne_Beaunis	psychology
Science_policy	political_science
Primary_socialization	sociology
Psychological_evaluation	psychology
Role-playing	psychology
Cognitive-experiential_self-theory	psychology
Particuliere_landerijen	anthropology
Discovery_of_human_antiquity	anthropology
Phenomenology_(psychology)	psychology
List_of_museums_with_major_collections_in_ethnography_and_anthropology	anthropology
Heterophily	sociology
Wedding_reception	anthropology
Id,_ego_and_super-ego	psychology
A_General_View_of_Positivism	sociology
Strain_theory_(sociology)	sociology
Original_affluent_society	anthropology
Marija_Gimbutas	anthropology
George_Herbert_Mead	anthropology
Womanless_wedding	anthropology
Dysphoria	psychology
Aporia	psychology
Saafi_people	anthropology
Couple_interview	sociology
Hereditarianism	psychology
Biology_and_political_science	political_science
Cultural-historical_psychology	psychology
Mankind_Quarterly	anthropology
White_wedding	anthropology
Domestic_policy	political_science
Three-sector_model	economics
Psychological_resilience	psychology
Suicide_among_LGBT_youth	psychology
Reality_distortion_field	sociology
Anthropopithecus	anthropology
Profanum	sociology
Social_exchange_theory	sociology
Mother_Tongue_(journal)	anthropology
Wedding_superstitions	anthropology
Positivism_dispute	sociology
Knowledge_society	sociology
Snowflake_(slang)	political_science
List_of_mammals_displaying_homosexual_behavior	anthropology
Turncoat	political_science
Marriage_vows	anthropology
Rotation_government	political_science
Social_movement_impact_theory	sociology
Six-factor_Model_of_Psychological_Well-being	psychology
Collective_intentionality	
Theories_of_political_behavior	political_science
Sociology_in_Poland	sociology
Deep_history	anthropology
Nonpartisanism	political_science
Social_advertising_(social_issues)	sociology
Court_of_equity	political_science
Bodily_integrity	sociology
Fictitious_commodities	anthropology
Humanistic_coefficient	sociology
Early_modern_human	anthropology
Constantin_Noica	anthropology
Single_person	sociology
Sublimation_(psychology)	psychology
Theory_of_generations	sociology
Colonial_mentality	anthropology
Grand_coalition	political_science
Humanistic_sociology	sociology
Core_relational_theme	psychology
Beneficiary	economics
Committee	political_science
Feminist_political_ecology	anthropology
Dyad_(sociology)	sociology
Social_complexity	sociology
Hominization	anthropology
Party_platform	political_science
System_for_Teaching_Experimental_Psychology	psychology
Serfdom_in_Tibet_controversy	political_science
Anthropological_criminology	anthropology
Contemporary_society	political_science
Social_imperialism	political_science
Capoid_race	anthropology
Far-right_subcultures	political_science
Culture_of_life	anthropology
Cheonmin	anthropology
Social_interventionism	sociology
Ovulatory_shift_hypothesis	anthropology
Michel_de_Montaigne	psychology
Outline_of_globalization	sociology
Western_European_marriage_pattern	anthropology
Hyperdescent	anthropology
Sociopolitical_typology	anthropology
Democratic_peace_theory	political_science
I_=_PAT	anthropology
John_Beddoe	anthropology
Khanate	anthropology
Exocannibalism	anthropology
Social_reproduction	sociology
Geophagia	anthropology
Associationalism	political_science
Genealogical_method	anthropology
Mechanical_and_organic_solidarity	sociology
The_Race_Question	anthropology
Ambilocal_residence	anthropology
Typology_(anthropology)	anthropology
Coefficient_of_relationship	anthropology
Barracks_communism	political_science
Transitology	political_science
Human_interactions_with_insects_in_southern_Africa	anthropology
Nice_guy	psychology
Zomia	anthropology
Prototype_theory	psychology
Pedigree_collapse	anthropology
Homosexual_panic	psychology
Foolishness	sociology
Typification	sociology
Confrontation	
Commercialism	economics
Declaration_on_the_Common_Language	anthropology
Culture-bound_syndrome	anthropology
Overshooting_model	economics
Solow–Swan_model	economics
AD–AS_model	economics
Keynesian_cross	economics
Oneirocritica	psychology
Distributed_language	anthropology
Human_physical_appearance	anthropology
Macroeconomic_model	economics
Overlapping_generations_model	economics
Post-traumatic_stress_disorder	psychology
Ghazi_(warrior)	anthropology
Core_self-evaluations	psychology
IS–LM_model	economics
Ramsey–Cass–Koopmans_model	economics
Photo_psychology	psychology
List_of_industrial_complexes	sociology
Harrod–Domar_model	economics
Idioglossia	sociology
History_of_human_migration	anthropology
Mundell–Fleming_model	economics
Outline_of_linguistics	anthropology
Regulation_school	sociology
Economism	political_science
Relational_frame_theory	psychology
Quality_of_Life_in_Depression_Scale	psychology
Formal_linguistics	anthropology
Capitalist_state	political_science
Non-governmental_organization	political_science
Pre-industrial_society	sociology
Psychic_apparatus	psychology
East_StratCom_Task_Force	political_science
Baum_test	psychology
Linguistic_categories	anthropology
Antisocial_personality_disorder	psychology
Mainstream_economics	economics
Media_psychology	psychology
Life_chances	sociology
Peak_experience	psychology
Settler	anthropology
Veneration_of_the_dead	anthropology
Marley_hypothesis	psychology
The_Moral_Philosopher_and_the_Moral_Life	psychology
Third_culture_kid	sociology
Economistic_fallacy	economics
Supply_and_demand	economics
México_Indígena	anthropology
Tableau_économique	economics
Sociotechnical_system	sociology
Mediated_discourse_analysis	sociology
Strategy_of_tension	political_science
Bicameral_mentality	psychology
Psychology_of_science	psychology
Bad_governance	political_science
Visible_hand_(economics)	economics
Real-world_economics	economics
Locus_of_control	anthropology
Social_behavior	sociology
Questionnaire_construction	political_science
Political_law	political_science
Systemic_intervention	psychology
Criminal_psychology	psychology
Economic_terrorism	economics
Shadow_(psychology)	psychology
Post-truth_politics	political_science
Outline_of_neuroscience	psychology
Household,_Income_and_Labour_Dynamics_in_Australia_Survey	economics
Government_of_the_Inca_Empire	political_science
Palor_people	anthropology
Power_harassment	sociology
Public_speaking	political_science
Classical_conditioning	psychology
Inframarginal_analysis	economics
Knobstick_wedding	anthropology
Limited_good	anthropology
Biopsychosocial_model	psychology
Wedding_anniversary	anthropology
Outline_of_psychiatry	psychology
Mediascape	anthropology
Psychical_school	psychology
Self-hatred	sociology
Lingeer_Fatim_Beye	anthropology
List_of_sovereign_states_and_dependencies_by_total_fertility_rate	anthropology
Verbal_Behavior	psychology
Individual_psychology	psychology
Demographics_of_sexual_orientation	anthropology
Pension_regulation	economics
History_of_the_race_and_intelligence_controversy	psychology
Reterritorialization	anthropology
Psychonomics	psychology
Survey_data_collection	political_science
Terror_management_theory	psychology
Rostow's_stages_of_growth	economics
Julia_Kristeva	psychology
List_of_comparative_social_surveys	political_science
Cultural_identity_theory	anthropology
Sampling_(statistics)	political_science
Opinion_poll	political_science
Emotive_(sociology)	sociology
Comparative_law	political_science
Classical_Adlerian_psychotherapy	psychology
Augustin_Diamacoune_Senghor	anthropology
Value-added_theory	sociology
Code_of_Hammurabi	political_science
Information_metabolism	psychology
Comparative_Study_of_Electoral_Systems	political_science
Body_theory	sociology
Crime_mapping	anthropology
Internalized_racism	sociology
Community-based_economics	economics
Moral_intelligence	psychology
Perspicacity	psychology
Niominka_people	anthropology
Survey_Methodology	political_science
Survey_methodology	political_science
Health_geography	anthropology
Integral_humanism_(India)	political_science
History_of_modernisation_theory	sociology
Civil–military_relations	political_science
Geodemography	anthropology
Non-aggression_principle	
Headhunting	anthropology
Survey_sampling	political_science
Later_Life_Workplace_Index	psychology
Characterology	psychology
Sociology_of_knowledge_approach_to_discourse	sociology
Social_order	sociology
Serer-Ndut_people	anthropology
Châtelain	anthropology
Metalinguistics	anthropology
Lingeer_Ngoné_Dièye	anthropology
Data_collection_system	political_science
Practice_of_law	political_science
Authority_(sociology)	sociology
Darwinian_anthropology	anthropology
Dark_figure_of_crime	political_science
Total_survey_error	political_science
Moral_entrepreneur	sociology
Unsaid	anthropology
Heritage_commodification	anthropology
Maissa_Bigué_Ngoné_Fall	anthropology
Dora_(case_study)	psychology
Legal_debate	political_science
Abbreviated_mental_test_score	psychology
Names_for_the_human_species	anthropology
Sexual_division_of_labour	anthropology
Human_placentophagy	anthropology
Atrocity_story	sociology
World_economy	economics
Traumatic_bonding	psychology
Social_conditioning	sociology
Suggestion_Theory	psychology
Lila:_An_Inquiry_into_Morals	anthropology
Plural_society	sociology
Art_world	anthropology
Voter_turnout	political_science
Unplanned_economies	economics
Traditional_medicine	anthropology
Psychology_in_medieval_Islam	psychology
Corporate_statism	political_science
Human_interactions_with_insects	anthropology
Biological_mechanisms_causing_religiosity	psychology
Enterprise_theory	political_science
Pluralism_(political_theory)	political_science
Pacification_theory	sociology
Power_structure	political_science
Pravaras	anthropology
Psychological_stress	psychology
Atomism_(social)	sociology
Manifest_and_latent_functions_and_dysfunctions	sociology
Silver_Sisterhood	anthropology
Comparative_historical_research	sociology
Professional_abuse	psychology
Relative_deprivation	sociology
The_rich_get_richer_and_the_poor_get_poorer	economics
Music_and_politics	political_science
Social-desirability_bias	political_science
National_average_salary	economics
Osteoware	anthropology
Landheer	anthropology
Suicide_(Durkheim_book)	sociology
Cranid	anthropology
Democratic_backsliding	political_science
Habitus_(sociology)	sociology
Tripartite_classification_of_authority	sociology
Normalization_process_theory	sociology
List_of_sociologists	sociology
Civil_resistance	political_science
Sociology_in_China	sociology
Global_feminism	sociology
Election_law	political_science
Sociology_in_Japan	sociology
Pit_of_despair	psychology
Priestly_caste	sociology
Cultural_resource_management	anthropology
Masking_(personality)	psychology
Agency_(sociology)	sociology
Personalismo	political_science
Peer_group	sociology
The_Ax_Fight	anthropology
Sexual_inversion_(sexology)	anthropology
Behavioral_modernity	anthropology
Community_of_interest	sociology
Fiscal_sociology	sociology
List_of_animals_displaying_homosexual_behavior	anthropology
Superwoman_(sociology)	sociology
Democracy_building	political_science
Cinderella_effect	anthropology
Forensic_facial_reconstruction	anthropology
Developing_country	anthropology
Strict_father_model	political_science
Decommodification	sociology
Maya_social_classes	anthropology
Hoi_polloi	anthropology
Geist	psychology
Evolutionary_anthropology	anthropology
Broken_windows_theory	political_science
Public_opinion_on_climate_change	political_science
Old_World	anthropology
Biosocial_criminology	psychology
Museum_anthropology	anthropology
Race_and_intelligence	anthropology
Biographical_research	sociology
Resource_mobilization	sociology
Postmodernism_in_political_science	political_science
Andean_civilizations	anthropology
Revolution_from_above	sociology
The_First_Sex	anthropology
Nurturant_parent_model	political_science
Generativity	psychology
Alfred_Gell	anthropology
Social_conflict	sociology
Deviationism	political_science
Schizothymia	psychology
Developmentalism	economics
Figurational_sociology	sociology
Production_for_profit	economics
Differentiation_(sociology)	sociology
Peace_and_conflict_studies	political_science
Field_theory_(sociology)	sociology
Wage_curve	economics
Global_nomad	anthropology
Sociology_of_peace,_war,_and_social_conflict	sociology
Hunting_hypothesis	anthropology
Invisible_Class_Empire	political_science
Ter_(Armenian_hereditary_honorific)	sociology
Recuperation_(politics)	sociology
Lumpenbourgeoisie	anthropology
Title_of_authority	sociology
Reciprocity_(cultural_anthropology)	anthropology
Social_organism	sociology
Circulation_of_elite	political_science
Official_Cantonese_translations_of_English_names_for_British_officials	anthropology
Nǃai,_the_Story_of_a_ǃKung_Woman	anthropology
Interessement	sociology
Doing_gender	sociology
Wealth_effect	economics
Prohibited_degree_of_kinship	anthropology
Middlebrow	anthropology
Revolving_door_(politics)	political_science
Parentado	anthropology
Lagar_Velho_1	anthropology
Bildungsbürgertum	anthropology
Baltistics	anthropology
Derbfine	anthropology
Census_of_India_prior_to_independence	anthropology
Life_at_the_Bottom	anthropology
Casato	anthropology
Silliness	psychology
EuroPsy	psychology
Sib_(anthropology)	anthropology
The_Phenomenon_of_Man	anthropology
Erikson's_stages_of_psychosocial_development	psychology
Phratry	anthropology
Homo_faber	anthropology
Pleonasm	anthropology
Auspicious_wedding_dates	anthropology
Kompetenz-kompetenz	political_science
Filiation	anthropology
Slavic_studies	anthropology
Throwing	anthropology
Moderation_theory	political_science
Equivalisation	economics
Rate_of_reinforcement	psychology
Something_old	anthropology
Cadet_(genealogy)	anthropology
In-group_and_out-group	sociology
Anti-modernization	sociology
Dmitri_Bondarenko	anthropology
Conversational_model	psychology
Journal_of_Language_Relationship	anthropology
Homoarchy	sociology
Society_for_Psychotherapy_Research	psychology
Felicitas_Goodman	anthropology
Needs_assessment	sociology
Sexual_relationship_disorder	psychology
Hypnoanalysis	psychology
Law_of_one_price	economics
Redemption_value	economics
British_Psychotherapy_Foundation	psychology
Old_wives'_tale	political_science
Delegitimisation	sociology
Science_in_Action_(book)	sociology
Theoretical_linguistics	anthropology
List_of_psychiatric_medications_by_condition_treated	psychology
Demand-pull_theory	economics
Economic_transformation	economics
Node_(linguistics)	anthropology
Lexifier	sociology
Bush_on_the_Couch	psychology
Center_for_Community_and_Economic_Development	sociology
List_of_social_psychology_theories	psychology
Precommitment	psychology
Spillover_(economics)	economics
Tavistock_and_Portman_NHS_Foundation_Trust	psychology
World_Social_Capital_Monitor	political_science
Clinical_pluralism	psychology
Transtheoretical_model	psychology
Psychotherapy_and_social_action_model	psychology
Gharbzadegi	sociology
Appropriation_(sociology)	sociology
Development_geography	anthropology
Nacirema	anthropology
Input–output_model	economics
Object_relations_theory	psychology
Mitma	anthropology
Migrationism_and_diffusionism	anthropology
Sexual_maturation_disorder	psychology
Derailment_(thought_disorder)	psychology
Bertram_Cohler	psychology
Cabang_Atas	anthropology
Repugnancy_costs	economics
World_Federation_for_Mental_Health	psychology
Malaysian_honours_system	anthropology
Shrunken_head	anthropology
Linguistic_Imperialism	sociology
List_of_language_subsystems	anthropology
Double_marginalization	economics
Moral_blindness	psychology
Geriatric_psychology	psychology
Somatic_school	psychology
List_of_neurological_conditions_and_disorders	psychology
Self-fulfilling_prophecy	sociology
New_institutionalism	sociology
List_of_mental_disorders	psychology
Psychic_determinism	psychology
Inverse_consequences	sociology
List_of_psychiatric_medications	psychology
Life_course_approach	sociology
Sybil_(Schreiber_book)	psychology
Reversal_theory	psychology
Say's_law	economics
Tourism_geography	anthropology
Dark_triad	psychology
Double_hermeneutic	sociology
Diathesis–stress_model	psychology
Racial_literacy	sociology
Homology_(anthropology)	anthropology
Functional_psychology	psychology
Discursive_dominance	sociology
Maceration_(bone)	anthropology
Money_worship	psychology
Diminishing_returns	economics
Campbell's_law	economics
Displacement_(linguistics)	anthropology
Media_transparency	sociology
Maximization_(psychology)	psychology
Generosity	
Radical_Psychology_Network	psychology
Humor_styles	psychology
Social_choice_theory	political_science
Political_groups_of_the_European_Parliament	political_science
International_Society_for_the_Study_of_Individual_Differences	psychology
Civil_service	political_science
Sarnoff_A._Mednick	psychology
Overchoice	sociology
Sociolect	anthropology
Urban_sprawl	anthropology
Measures_of_guilt_and_shame	psychology
Modular_Cognition_Framework	psychology
Nesher_Ramla_Homo	anthropology
Timeline_of_psychotherapy	psychology
Vienna_Test_System	psychology
Omnibus_(survey)	political_science
Apprehension_(understanding)	psychology
Fifth_power_(politics)	political_science
Furra	anthropology
Cyborg_anthropology	anthropology
List_of_important_publications_in_economics	economics
Rapid_automatized_naming	psychology
Jevons_paradox	economics
Archetypal_psychology	psychology
Confirmation_bias	psychology
Warrior_(character_class)	anthropology
Epochalism	anthropology
List_of_countries_by_past_fertility_rate	anthropology
Health_impact_assessment	anthropology
Cobra_effect	economics
Sociography	sociology
Recent_human_evolution	anthropology
Self-determination_theory	sociology
Das_Mutterrecht	anthropology
Eolith	anthropology
Race_and_genetics	anthropology
Jessica_Benjamin	psychology
Essex_School_of_discourse_analysis	political_science
Freudian_slip	psychology
Aparna_Rao	anthropology
Évolué	anthropology
List_of_Russian_physicians_and_psychologists	psychology
Diderot_effect	anthropology
Linguistic_demography	anthropology
Ranschburg_effect	psychology
Display_rules	anthropology
Data_collection	political_science
Symptom_Checklist_90	psychology
Olfactory_language	anthropology
Arawelo	anthropology
Narrative_psychology	psychology
Cass_identity_model	sociology
Hebb-Williams_maze	psychology
Psychoinformatics	psychology
Circular_flow_of_income	economics
Johann_Jakob_Bachofen	anthropology
Media_linguistics	anthropology
Human_behaviour_genetics	psychology
Capite_censi	sociology
Backchannel_(linguistics)	anthropology
Human_Traces	anthropology
Martti_Olavi_Siirala	anthropology
Imaginary_(sociology)	sociology
Social_responsibility	sociology
Functional_approach	psychology
Labelling	sociology
Raison_oblige_theory	psychology
Goodhart's_law	economics
Nigel_Barley_(anthropologist)	anthropology
Catherine_Malabou	psychology
Implementation	political_science
Interlocutor_(linguistics)	anthropology
Recept	psychology
SECI_model_of_knowledge_dimensions	psychology
Structural-demographic_theory	sociology
Care_drain	sociology
Ultimate_attribution_error	sociology
Superiority_complex	psychology
Dynamic-maturational_model_of_attachment_and_adaptation	psychology
Security_sector_governance_and_reform	political_science
Bertha_Pappenheim	psychology
Economic_power	economics
Attention_schema_theory	psychology
Significant_symbols	sociology
Resocialization	sociology
Non-place	anthropology
SAFE13_study	anthropology
Human_migration	anthropology
Media_ecology	anthropology
Self-abasement	psychology
Hybrid_warfare	political_science
Private_defense_agency	political_science
Budget-maximizing_model	political_science
Tone_variator	psychology
Value_(semiotics)	anthropology
List_of_uninhabited_islands	anthropology
Social_geography	anthropology
Global_care_chain	sociology
Small-world_experiment	psychology
Cassandra_(metaphor)	psychology
Social_death	sociology
Status_attainment	sociology
Philip_Morris_v._Uruguay	political_science
Essence_of_Decision	political_science
PASS_theory_of_intelligence	psychology
Four-field_approach	anthropology
William_Alanson_White_Institute	psychology
Social_comparison_theory	sociology
High_and_low_politics	political_science
Postdevelopment_theory	sociology
Energy_(psychological)	psychology
List_of_birds_displaying_homosexual_behavior	anthropology
Psychology,_philosophy_and_physiology	psychology
Interlinear_gloss	anthropology
Mother's_boy	psychology
Human_interactions_with_microbes	anthropology
Work_design	psychology
Population_geography	anthropology
Kulturkreis	anthropology
Ecological-evolutionary_theory	sociology
Control_theory_(sociology)	sociology
Dialogic_learning	psychology
Klein_Sexual_Orientation_Grid	anthropology
Trans-species_psychology	psychology
Spiritual_intelligence	psychology
False_necessity	sociology
Sequence_analysis_in_social_sciences	sociology
The_Sexual_Brain	anthropology
Quasi-state	political_science
Overview_of_21st-century_propaganda	political_science
List_of_schools_for_quantitative_psychology	psychology
Self-verification_theory	sociology
Phaleristics	anthropology
Heritability_of_IQ	psychology
Experimental_aesthetics	psychology
Political_alliance	political_science
Optimal_distinctiveness_theory	psychology
Max_Scheler	anthropology
Privacy_regulation_theory	psychology
Religious_assimilation	sociology
Amity-enmity_complex	sociology
Performative_interval	sociology
Sladdbarn	sociology
List_of_psychology_awards	psychology
Hotelling's_law	economics
Chiara_Bottici	political_science
Applied_Anthropology_Research_Methods	anthropology
Paleofeces	anthropology
Coordinated_management_of_meaning	sociology
Fount_of_honour	anthropology
Good_governance	political_science
Dealignment	political_science
Sub-replacement_fertility	anthropology
List_of_cognitive_biases	psychology
Anthropological_Index_Online	anthropology
Inner_critic	psychology
On_Narcissism	psychology
Freud's_seduction_theory	psychology
Market_production	economics
Laboratory_experimentation_in_psychology	psychology
Permissive_society	sociology
Religious_literacy	sociology
Gnosis_(chaos_magic)	psychology
Kula_ring	anthropology
National_character_studies	anthropology
Cultural_narcissism	anthropology
Polarized_pluralism	political_science
Sci.lang	anthropology
Kaipuleohone	anthropology
The_Birth_of_Biopolitics	political_science
Semi-periphery_countries	sociology
Emotional_approach_coping	psychology
Children_of_the_revolution_(concept)	sociology
Social_threefolding	sociology
Civilization_and_Its_Discontents	psychology
Jim_Crow_economy	anthropology
Insignificance	psychology
Cognized_environment	anthropology
World_Englishes	anthropology
Standards_for_Educational_and_Psychological_Testing	psychology
Deformed_workers'_state	political_science
Autism_and_LGBT_identities	psychology
List_of_sociological_associations	sociology
Ethnographic_mapping	anthropology
Polizeiwissenschaft	political_science
Fragmentation_(sociology)	sociology
Global_workspace_theory	psychology
Sociology_of_morality	sociology
National_Museum_of_Anthropology_(Mexico)	anthropology
Biology_and_consumer_behaviour	psychology
Immigrant_generations	sociology
Green_theory	political_science
Tree_of_patriarchy	anthropology
Social_interface	sociology
Learning_theory_(education)	psychology
Gaetano_Mosca	political_science
Propaganda_model	political_science
Political_positivism	sociology
Assortative_mixing	sociology
Computational_sociology	sociology
Taste_(sociology)	sociology
Honorary_male	anthropology
Doughnut_(economic_model)	economics
Nomos_(sociology)	sociology
Idée_fixe_(psychology)	psychology
Thompson's_psychology_of_women	psychology
Endocannibalism	anthropology
Moka_exchange	anthropology
Successor_ideology	political_science
Intelligence_and_public_policy	political_science
Matrix_of_domination	sociology
American_politics_(political_science)	political_science
Relational_sociology	sociology
Social_rule_system_theory	sociology
Socialization_(Marxism)	sociology
Men_who_have_sex_with_men	anthropology
Psychology_of_film	psychology
Comparative_sociology	sociology
Sympathetic_magic	anthropology
Spheres_of_exchange	anthropology
Human_ethology	anthropology
Sex_at_Dawn	anthropology
Computer-assisted_survey_information_collection	political_science
Financescape	anthropology
Intermingling	sociology
M._Scott_Peck	psychology
Bureau-shaping_model	political_science
Synoecism	political_science
Urban_revolution	anthropology
Global_cultural_flows	anthropology
Nationalsozialistischer_Führungsoffizier	political_science
Isolates	anthropology
The_dismal_science	economics
"""Holy..."""	anthropology
Somatic_theory	sociology
Linguistics_in_science_fiction	anthropology
History_of_political_science	political_science
Religious_stratification	anthropology
Lithic_technology	anthropology
L._L._Thurstone_Psychometric_Laboratory	psychology
Creative_synthesis	psychology
Chukri_System	sociology
Horace_Campbell	political_science
Community_of_place	anthropology
Sexual_norm	sociology
Maya_Research_Program	anthropology
Ethnoscape	anthropology
Male_State	anthropology
Repetition_compulsion	psychology
Association_of_ideas	psychology
Generalized_trust	sociology
Possible_world	anthropology
Great_Goddess_hypothesis	anthropology
Conservation_psychology	psychology
Synthetic_personalisation	sociology
Landscape_mythology	anthropology
Countercontrol	sociology
Passing_(sociology)	sociology
Family_Constellations	psychology
Womyn's_land	anthropology
Sociology_of_philosophy	sociology
The_People_of_India	anthropology
Niall_Ferguson	political_science
Personal_boundaries	psychology
Calabash_chalk	anthropology
Symbolic_capital	sociology
Social_apartheid	political_science
Women_who_have_sex_with_women	anthropology
Gendered_sexuality	psychology
Other_World_Kingdom	anthropology
Rock_art_studies	anthropology
Human_Terrain_System	anthropology
Sociology_of_punishment	sociology
Self-expansion_model	psychology
Political_theology	political_science
Cultural_selection_theory	sociology
Redistribution_(cultural_anthropology)	anthropology
Inglehart–Welzel_cultural_map_of_the_world	sociology
The_Sexual_Contract	political_science
God_gene	psychology
Johan_Skytte_Prize_in_Political_Science	political_science
Mediated_stylistics	anthropology
Clan_Mother	anthropology
Concentrated_disadvantage	sociology
Central_place_foraging	anthropology
Commodity_form_theory	political_science
People_accounting_hypothesis	sociology
Linguistic_ecology	anthropology
Law_of_rent	economics
Three_degrees_of_influence	sociology
Chinese_patriarchy	anthropology
Triad_(sociology)	sociology
Social_vulnerability	sociology
List_of_sociology_journals	sociology
Sociological_aspects_of_secrecy	sociology
Medical_Anthropology_Quarterly	anthropology
Social_actions	sociology
Kalahari_Debate	anthropology
Kyklos	political_science
Alain_Daniélou	anthropology
Mental_disorders_and_gender	psychology
Quantitative_psychology	psychology
Matrilineality_in_Judaism	anthropology
Group_threat_theory	sociology
Eight-circuit_model_of_consciousness	psychology
Symbolic_religiosity	sociology
Khevisberi	anthropology
Empty_nest_syndrome	psychology
Freedom_of_choice	
Goal_pursuit	psychology
Political_commissar	political_science
The_Engineering_of_Consent	political_science
Learned_helplessness	psychology
Real_utopian_sociology	sociology
Law_of_the_jungle	sociology
Contest_mobility	sociology
Taiga_(1992_film)	anthropology
Heide_Göttner-Abendroth	anthropology
Taboo_(2002_TV_series)	anthropology
Behavioral_pharmacology	psychology
Economic_activism	economics
Self-expression_values	political_science
Potential_cultural_impact_of_extraterrestrial_contact	anthropology
Social_murder	sociology
Critical_medical_anthropology	anthropology
Fraternization	sociology
Berndt_Museum_of_Anthropology	anthropology
Endocast	anthropology
Breastfeeding_in_Islam	anthropology
College_of_Sociology	sociology
Person_of_color	sociology
Rajamandala	anthropology
Degenerated_workers'_state	political_science
Gender_and_politics	political_science
Gate_crashing	anthropology
Irish_honours_system	anthropology
Tipping_point_(sociology)	sociology
Navajo_medicine	anthropology
Capitalist_Patriarchy_and_the_Case_for_Socialist_Feminism	anthropology
Romanticism_and_economics	economics
List_of_visual_anthropology_films	anthropology
Pain_of_paying	economics
European_Sociological_Association	sociology
The_Myth_of_Matriarchal_Prehistory	anthropology
High_society_(social_class)	anthropology
Clash_of_Civilizations	political_science
Communazi	political_science
Multiple_jeopardy	sociology
Vilfredo_Pareto	political_science
Cadet_branch	anthropology
Common_good	
Social_polarization	sociology
Hawaiian_ethnobiology	anthropology
Medical_model_of_disability	sociology
Museum_of_Anthropology_at_UBC	anthropology
Patriarchal_bargain	anthropology
Protest_cycle	sociology
Museum_of_Archaeology_and_Anthropology,_University_of_Cambridge	anthropology
Big_man_(political_science)	political_science
Raoni	anthropology
The_Hunters_(1957_film)	anthropology
Aristocracy_of_officials	political_science
Nanook_of_the_North	anthropology
Southeast_Asian_Massif	anthropology
PanAfrican_Archaeological_Association	anthropology
Consort_kin	anthropology
Glossary_of_archaeology	anthropology
Sacatra	anthropology
Vienna_School_of_History	sociology
Hill_tribe_(Thailand)	anthropology
The_Doon_School_Quintet	anthropology
Museo_de_Antropología_de_Xalapa	anthropology
Polish_heraldry	anthropology
Mobile_ethnography	anthropology
Penghulu	anthropology
Kenneth_Boulding's_evolutionary_perspective	economics
Negative_capability	
GERRI	psychology
China_watcher	political_science
Toba_Batak_people	anthropology
Social_system	sociology
World3_nonrenewable_resource_sector	economics
Vaticanology	political_science
Pakpak_people	anthropology
Figurae	anthropology
Kluet_people	anthropology
Naturalistic_disease_theories	anthropology
Creativity_and_mental_health	psychology
Miguelón	anthropology
Ataque_de_nervios	anthropology
European_Federation_of_Psychologists'_Associations	psychology
Repressive_desublimation	psychology
Pantouflage	political_science
Ecological_psychology	psychology
Human_action_cycle	psychology
Angkola_people	anthropology
Hysteroid_dysphoria	psychology
Tautology_(language)	anthropology
Benefactor_(law)	economics
Artificiality	anthropology
Martyr_complex	psychology
Parliamentary_sovereignty	political_science
Public_participation_(decision_making)	sociology
Adult_adoption	anthropology
Engel_curve	economics
Median_income_per_household_member	economics
University_of_Tennessee_Anthropological_Research_Facility	anthropology
Rebound_effect_(conservation)	economics
Adaptive_capacity	sociology
Hova_(Madagascar)	anthropology
Puisne	anthropology
Sustainability_measurement	economics
Antilocution	sociology
Surgency	psychology
Dynamic_pricing	economics
Normal_type	sociology
Sustainable_industries	economics
Hill_people	anthropology
Open_music_model	economics
Aboulomania	psychology
Whispering_campaign	psychology
Simulation_theory_of_empathy	psychology
Psychic_equivalence	psychology
Homohysteria	psychology
Philosophy_of_futility	economics
Předmostí_u_Přerova_(archaeological_site)	anthropology
Open_government	political_science
Everett_Carll_Ladd	political_science
Ostension	anthropology
Canine_fossa	anthropology
Virtual_reality_cue_reactivity	psychology
Semantics_(psychology)	psychology
Ertuğrul	anthropology
Obligate_nasal_breathing	anthropology
Sociodrama	sociology
Death_and_adjustment_hypotheses	psychology
Open_Energy_Modelling_Initiative	economics
Articulation_(sociology)	sociology
In_kind	economics
Value_transfer_system	economics
Psychology_of_collecting	psychology
Folk_etymology	anthropology
Heckscher–Ohlin_model	economics
Hominid_dental_morphology_evolution	anthropology
Economic_data	economics
Feeling_Good:_The_New_Mood_Therapy	psychology
Prohibitionism	political_science
Galveston_Orientation_and_Amnesia_Test	psychology
Post-cognitivist_psychology	psychology
Polak_Model	economics
For_Want_of_a_Nail	anthropology
Shahrbanou_Tadjbakhsh	political_science
Administrative_error	political_science
Liquid_capital	economics
Cognitive_opening	psychology
Hiding_hand_principle	economics
Thurstone_Word_Fluency_Test	psychology
The_Holy_State_and_the_Profane_State	
History_of_macroeconomic_thought	economics
Silencing	psychology
Eternal_feminine	anthropology
Trance_and_Dance_in_Bali	anthropology
Marginal_value	economics
Mundell–Tobin_effect	economics
AK_model	economics
Social_media_and_political_communication_in_the_United_States	political_science
Alexander_Francis_Chamberlain	anthropology
Symbolic_equation	psychology
Repeatable_Battery_for_the_Assessment_of_Neuropsychological_Status	psychology
Australian_Institute_of_Aboriginal_and_Torres_Strait_Islander_Studies	anthropology
Nominal_identity	anthropology
Proverbial_phrase	anthropology
Marginal_efficiency_of_capital	economics
Performance_studies	anthropology
The_Family_of_Man	anthropology
Miꞌkmaꞌki	anthropology
Addiction_Research_Center_Inventory	psychology
Theta_criterion	anthropology
Koteka	anthropology
Room_and_board	economics
Exogenous_and_endogenous_variables	economics
Concord_Prison_Experiment	psychology
Joseph_Palacio	anthropology
Precautionary_demand	economics
Constructivism_(ethnic_politics)	political_science
The_Three_Christs_of_Ypsilanti	psychology
Martha_Mitchell_effect	psychology
Robert_L._Carneiro	anthropology
Pi_Sigma_Alpha	political_science
Market_mechanism	economics
War_studies	sociology
Retslægerådet	political_science
Folk_instrument	anthropology
Gestaltzerfall	psychology
Government_effectiveness_index	sociology
Nacholapithecus	anthropology
Formulaic_language	anthropology
Ascription	sociology
Low-end_market	economics
Marginal_concepts	economics
Book_desert	anthropology
Behavior_analysis_of_child_development	psychology
New_Zealand_royal_honours_system	anthropology
Language_geography	anthropology
Femme_fatale	psychology
Forte_Communication_Style_Profile	psychology
Settlement_geography	anthropology
Dissaving	economics
Hereditary_peer	anthropology
Bulk_personal_datasets	anthropology
Alexander_Goldenweiser_(anthropologist)	anthropology
Beyond_the_Pleasure_Principle	psychology
Lynne_Finney	psychology
Measuring_economic_worth_over_time	economics
Children's_Sleep_Habits_Questionnaire	psychology
Balassa–Samuelson_effect	economics
Masters_and_Johnson_Institute	psychology
John_J._Cove	anthropology
Occupational_closure	sociology
Aldo_Massola	anthropology
Societas_privata_Europaea	economics
First_Person_Plural	psychology
Paradox_of_value	economics
Transformational_syntax	anthropology
Siege_mentality	sociology
Price_variance	economics
Kneeling	anthropology
Governance_framework	political_science
Communicative_dynamism	anthropology
Trading_psychology	psychology
E._O._James	anthropology
Podom	anthropology
Smadar_Lavie	anthropology
List_of_Timothy_Asch_films	anthropology
Wedding_of_Nora_Robinson_and_Alexander_Kirkman_Finlay	anthropology
Deflator	economics
Wedding_Dash	anthropology
Xq28	anthropology
Otto_Kirchheimer	political_science
Negarchy	political_science
Marginal_use	economics
Idiom_(language_structure)	anthropology
History_of_electroconvulsive_therapy_in_the_United_States	psychology
Hypermobility_(travel)	anthropology
Rule_consciousness	psychology
Real_economy	economics
Assessment_centre	psychology
Role_set	sociology
Conditional_sentence	anthropology
Coffeehouse_(event)	sociology
Association_for_the_Advancement_of_Philosophy_and_Psychiatry	psychology
Predicate_(grammar)	anthropology
Experimental_language	anthropology
Ultrasound_tongue_imaging	anthropology
MONEE_Project	economics
Differential_susceptibility_hypothesis	psychology
International_Union_of_Anthropological_and_Ethnological_Sciences	anthropology
Australian_honours_and_awards_system	anthropology
Jenkins_activity_survey	psychology
Policy_laundering	political_science
Ideographic_Approach	psychology
Helene_Deutsch	psychology
Non-lexical_vocables_in_music	anthropology
Breast-shaped_hill	anthropology
Consensus-based_assessment	psychology
Letter_to_the_editor	political_science
Psychological_statistics	psychology
Stock_and_flow	economics
Controlled_Oral_Word_Association_Test	psychology
Issue_network	political_science
Historical_Lexicon_of_Modern_Greek	anthropology
Contrastive_linguistics	anthropology
School_of_Brentano	psychology
Bureaucratic_drift	political_science
The_Hebrew_Goddess	anthropology
Robert_Spitzer_(psychiatrist)	anthropology
International_Commission_for_Central_American_Recovery_and_Development	political_science
Adaptive_strategies	anthropology
Phallic_woman	psychology
Diamond-water_paradox	economics
Silvia_Olmedo	psychology
Interaction_frequency	sociology
Indian_psychology	psychology
Scarr-Rowe_effect	psychology
Archaic_mother	psychology
Project_Pigeon	psychology
Paradoxical_intention	psychology
Institute_on_Governance	political_science
Scottish_Institute_of_Human_Relations	psychology
Social_investment_theory	psychology
Structuralist_theory_of_mythology	anthropology
Uncoupling_(neuropsychopharmacology)	psychology
Social_Distance_Corollary	sociology
Politico-media_complex	political_science
The_White_Goddess	anthropology
Community_indifference_curve	economics
Iron_triangle_(US_politics)	political_science
Sweetgrass_(film)	anthropology
Edward_de_Bono	psychology
Heliotropic_hypothesis	psychology
Chief_Culture_Officer	anthropology
Bracha_L._Ettinger	psychology
Discan	psychology
The_Mind_Fixers	psychology
Anomalistic_psychology	psychology
New_York_Psychoanalytic_Society_&_Institute	psychology
Boston_Graduate_School_of_Psychoanalysis	psychology
Somatic_psychology	psychology
Travel_behavior	anthropology
Thematic_structure	anthropology
Marginal_return	economics
List_of_schools_of_psychoanalysis	psychology
Referential_indeterminacy	anthropology
Soft_skills	sociology
Activity-specific_approach_in_temperament_research	psychology
Native_Tongue_Title	anthropology
Viktor_Zhirmunsky	anthropology
Linguistic_Linked_Open_Data	anthropology
British_Psychological_Society	psychology
Gloss_(annotation)	anthropology
Skhul_and_Qafzeh_hominins	anthropology
Margin_(economics)	economics
Theories_of_poverty	economics
Buros_Center_for_Testing	psychology
Behavioral_cusp	psychology
Gabriella_Eichinger_Ferro-Luzzi	anthropology
Test_score	psychology
Therapeutic_assessment	psychology
Society_for_the_Experimental_Analysis_of_Behavior	psychology
Clustering_(demographics)	sociology
Interviewer_effect	political_science
Discourse_relation	sociology
Substitutes_for_Leadership_Theory	sociology
Semantic_differential	political_science
Gossen's_laws	economics
Linguistic_norm	anthropology
Lisa_M._Diamond	psychology
Messiah_complex	psychology
Models_of_communication	anthropology
Intrusive_research	psychology
Reciprocal_determinism	psychology
Anaphoric_clitic	anthropology
Society_for_the_Scientific_Study_of_Psychopathy	psychology
International_General_Medical_Society_for_Psychotherapy	psychology
Twins_Early_Development_Study	psychology
Double-mindedness	psychology
Policy_monitoring	political_science
Seminars_of_Jacques_Lacan	psychology
Development_communication	sociology
Jacqueline_Rose	psychology
Sociometric_status	psychology
Metapragmatics	anthropology
Anticipatory_socialization	sociology
Fixing_Sex	anthropology
Rational_inattention	economics
Mentalism_(psychology)	psychology
Strengths_and_weaknesses_(personality)	psychology
Psychopathia_Sexualis_(Kaan_book)	psychology
Multimodal_anthropology	anthropology
Conceptual_economy	economics
Hubert_Walter_(anthropologist)	anthropology
Pigorini_National_Museum_of_Prehistory_and_Ethnography	anthropology
Felicity_(pragmatics)	anthropology
Register_complex	anthropology
Functional_prerequisites	sociology
Serial_sevens	psychology
Filler_(linguistics)	anthropology
Biblical_patriarchy	anthropology
Remote_Associates_Test	psychology
List_of_clinical_psychologists	psychology
Riddle_scale	anthropology
Mood_congruence	psychology
Carlos_Navarrete_Cáceres	anthropology
Policy_analysis	political_science
Socioecology	sociology
Political_structure	sociology
Military_policy	political_science
Rentier_state	political_science
Linguistic_relativity_and_the_color_naming_debate	anthropology
Canadian_Psychological_Association	psychology
Radical_behaviorism	psychology
Killer_ape_theory	anthropology
Nonviolent_self_defense	psychology
Sociological_naturalism	sociology
Three-process_view	psychology
Petty_tyranny	sociology
Language_classification	anthropology
Faculty_psychology	psychology
Journal_of_Language_Contact	sociology
Yavis	psychology
Logical_form_(linguistics)	anthropology
Elite_capture	political_science
Subsistence_pattern	anthropology
Applied_Psychological_Measurement	psychology
Cognitive_geography	anthropology
Information_flow	sociology
Sunset_provision	political_science
Deep_social_mind	anthropology
Bobo_doll_experiment	psychology
Larry_Cochran	psychology
Social_welfare_model	political_science
Lewin's_equation	psychology
Fieldwork_Under_Fire	anthropology
Regulatory_focus_theory	psychology
Archaic_humans	anthropology
Sociocultural_perspective	psychology
Societal_attitudes_towards_abortion	political_science
Combined_Nomenclature	economics
Word_wall	anthropology
Intensive_interaction	psychology
Gossen's_second_law	economics
Sociogeny	sociology
List_of_public_policy_topics_by_country	political_science
Snarl	psychology
Sonic_deception	psychology
Existential_crisis	anthropology
Sociologus	
Levenson_Self-Report_Psychopathy_Scale	psychology
Deep_Play:_Notes_on_the_Balinese_Cockfight	anthropology
Law_without_the_state	political_science
Indifference_curve	economics
Logophonetic	anthropology
Economic_anxiety	psychology
Macrostructure_(linguistics)	sociology
Spatial_intelligence_(psychology)	psychology
Museo_Civico_di_Storia_Naturale_di_Milano	anthropology
Heart_of_Europe_Debating_Tournament	political_science
Zelinsky_Model	sociology
Technical_change	economics
Biocultural_diversity	anthropology
Jelena_Džankić	political_science
Help-seeking	psychology
Teushen	anthropology
Hopi_time_controversy	anthropology
Topic_and_comment	anthropology
Multistakeholder_governance	political_science
Credibility_thesis	economics
Metanoia_(psychology)	anthropology
Cognitive_miser	psychology
Squib_(writing)	anthropology
Releasing_the_Spirits:_A_Balinese_Ceremony	anthropology
Information_structure	anthropology
Correspondent_inference_theory	psychology
Divided_consciousness	psychology
The_School_Refusal_Assessment_Scale-Revised	psychology
Human_spirit	
Heidelberg_Institute_for_International_Conflict_Research	political_science
Double_empathy_problem	psychology
Postfunctionalism	political_science
Neolinguistics	anthropology
Housing_affordability_index	economics
Systems_theory_in_political_science	political_science
Kunstkamera	anthropology
Personal_wedding_website	anthropology
European_Society_for_Cognitive_Psychology	psychology
Unconscious_thought_theory	psychology
Law_of_three_stages	sociology
The_Inevitability_of_Patriarchy	anthropology
Toloy	anthropology
Consulting_psychology	psychology
Martha_Stout	psychology
Manufacturing_operations	economics
Berkeley_school_of_political_theory	political_science
Insubordination	sociology
Homology_(sociology)	sociology
Differential_outcomes_effect	psychology
Critical_geography	anthropology
Competency_evaluation_(language)	psychology
Adaptive_comparative_judgement	psychology
Bipolar_Spectrum_Diagnostic_Scale	psychology
Sex_life	anthropology
Crowding	psychology
Abstraction_(linguistics)	anthropology
Riverview_Psychiatric_Center	psychology
Richard_Gaskin	anthropology
Correctional_psychology	psychology
Tschandala	
Mall_intercept	political_science
Face_negotiation_theory	psychology
Secondary_orality	anthropology
Policy_studies	political_science
Marginal_tax_rate	economics
Dialog_act	sociology
Appraisal_(discourse_analysis)	sociology
Culture_21	political_science
Mock_language	anthropology
Population_health	anthropology
Land_management	economics
Genetic_Studies_of_Genius	psychology
Parasocial_interaction	sociology
Responsibility_assumption	psychology
International_Journal_of_the_Sociology_of_Language	sociology
Informational_listening	sociology
Peak_earning_years	economics
Police_science	political_science
De-categorialization	anthropology
Phil_McGraw	psychology
History_of_dyslexia_research	psychology
Deployment_management	political_science
Genre_criticism	sociology
Educational_organization	psychology
Kinesthetic_sympathy	psychology
Parasocial_breakup	sociology
U-Report	political_science
APA_Distinguished_Scientific_Award_for_an_Early_Career_Contribution_to_Psychology	psychology
Unipolar_mania	psychology
Feeling_rules	sociology
Hubbert_peak_theory	economics
PAST_Foundation	anthropology
Poor_White	anthropology
Human_genetic_variation	anthropology
Nostophobia	psychology
Project_Censored	sociology
Global_Administrative_Unit_Layers	anthropology
General_knowledge	psychology
Norm-referenced_test	psychology
Perceptual_load_theory	psychology
Internal_Family_Systems_Model	psychology
Dynamic_density	sociology
Paleoproteomics	anthropology
The_Principles_of_Psychology	psychology
Grass_(1925_film)	anthropology
List_of_anthropology_awards	anthropology
Friction_of_distance	anthropology
Anthropology_of_food	anthropology
Martin_Albrow	sociology
General_Health_Questionnaire	psychology
Outline_of_autism	psychology
Household_Finance_and_Consumption_Survey_(Ireland)	economics
Cognitive_poetics	psychology
A_Balinese_Trance_Seance	anthropology
Types_of_Bakuvian_Bazaars	anthropology
Primacy_of_mind	psychology
Leipzig_school_(sociology)	sociology
Attitudinal_Psyche	psychology
Mental_Rotations_Test	psychology
Foresight_(psychology)	psychology
Mood_(psychology)	psychology
The_Freudian_Coverup	psychology
Core_sphere	sociology
Rational_love	anthropology
Scene_(perception)	psychology
Susa_weddings	anthropology
Intangible_cultural_heritage	anthropology
Fraternity_(philosophy)	
Psychology_of_dance	psychology
Discourse_topic	sociology
Polyvagal_theory	psychology
Pim_Fortuyn	political_science
AP_United_States_Government_and_Politics	political_science
Case_of_Aimée	psychology
Dentalium_shell	anthropology
Local_service_delivery	political_science
Laffer_curve	economics
World's_Smallest_Political_Quiz	political_science
Phatic_expression	anthropology
Test_(assessment)	psychology
Orthograde_posture	anthropology
JUPA_Psychology_Proficiency_Test	psychology
Generative_anthropology	anthropology
Green_Door_(miniseries)	psychology
Developmental_science	psychology
Online_wedding	anthropology
Cognitive_hearing_science	anthropology
Kurt_Koffka_Medal	psychology
Acting_in	psychology
Joint_attention	psychology
Political_ponerology	sociology
Public_administration_theory	political_science
Frog_pond_effect	sociology
Qualitative_psychological_research	psychology
Urban–rural_political_divide	political_science
Social_interaction_approach	psychology
Triarchic_theory_of_intelligence	psychology
Demographic_transition	anthropology
Authority_bias	psychology
Wilson–Patterson_Conservatism_Scale	political_science
Power_vacuum	political_science
Digging_stick	anthropology
Accelerating_change	sociology
Female_cosmetic_coalitions	anthropology
Geography_of_media_and_communication	anthropology
Master_of_Psychology	psychology
Vienna_Institute_of_Demography	anthropology
Last_Glacial_Maximum_refugia	anthropology
Experience_sampling_method	psychology
Intergenerational_policy	political_science
The_Modular_Online_Growth_and_Use_of_Language	anthropology
Gerschenkron_effect	economics
Photo_elicitation	sociology
Negative_raising	anthropology
Field_theory_(psychology)	psychology
Wells_effect	psychology
Dollar_auction	economics
Museo_Canario	anthropology
Olivia_Fox_Cabane	psychology
Historical_behaviour_studies	anthropology
Label_(sociology)	sociology
White's_law	anthropology
Sensorial_transposition	psychology
Scale_(social_sciences)	political_science
Militarized_interstate_dispute	political_science
Sustainable_land_management	anthropology
Imagined_geographies	anthropology
Qadan_culture	anthropology
Nulle_terre_sans_seigneur	anthropology
Sons_of_Shiva	anthropology
The_Valins_Effect	psychology
Pūluga	anthropology
Social_construction_of_the_body	sociology
New_social_movements	sociology
Budget_constraint	economics
Insecurity_Insight	sociology
Psychosophy	psychology
Traditional_transmission	anthropology
Gestalt_theoretical_psychotherapy	psychology
Plausibility_structure	sociology
Yellow_socialism	political_science
Hang_Seng_Composite_Index_Series	economics
Method_of_factors	psychology
The_Golden_Bough	anthropology
Closure_(sociology)	sociology
The_Third_Wave_(experiment)	psychology
Ivanka_Savic	anthropology
Preferential_looking	psychology
Instrumentum_domesticum	anthropology
Judy_Ho	psychology
Ascriptive_inequality	sociology
Baluan-Pam_language	anthropology
Role_homogeneity	sociology
Anxiety_buffer_disruption_theory	psychology
Red_Deer_Cave_people	anthropology
Thomas_theorem	sociology
Cognitive_chronometry	psychology
Diversity_ideologies	psychology
Perlocutionary_act	anthropology
The_Indian_Antiquary	anthropology
Macrostructure_(sociology)	sociology
Equity_loan	economics
Corporate_group_(sociology)	sociology
Associative_group_analysis	anthropology
Misery_index_(economics)	political_science
Power_resource_theory	political_science
Arthur_Evans	anthropology
Military-civil_fusion	political_science
Marching_Men	anthropology
Social_mania	sociology
Earth_religion	anthropology
Culture_hero	anthropology
Quiet:_The_Power_of_Introverts_in_a_World_That_Can't_Stop_Talking	psychology
Perfect_Order	anthropology
Institutionalism_in_political_parties	political_science
Superman_complex	psychology
Social_situation_in_the_French_suburbs	sociology
Ikland	anthropology
Rehumanization	sociology
Bachelor_of_Psychology	psychology
Human_zoo	anthropology
Theory_of_reasoned_action	psychology
Nigrescence	anthropology
Green_wedding	anthropology
Tax_choice	political_science
Antinaturalism_(sociology)	sociology
Instrumental_and_intrinsic_value	sociology
List_of_stateless_societies	anthropology
Rational_choice_institutionalism	political_science
Cultural_competency_training	anthropology
Grave_candle	sociology
Strategic_urban_planning	political_science
Common_Wealth_Award_of_Distinguished_Service	sociology
Digital_infinity	anthropology
Family_resemblance_(anthropology)	anthropology
Relative_age_effect	anthropology
MSDS_Marine	anthropology
Conflict_continuum	anthropology
Reverence_for_Life	sociology
Steatopygia	anthropology
Postmodern_psychology	psychology
Korte's_third_law_of_apparent_motion	psychology
Theory_of_narrative_thought	psychology
List_of_gotras	anthropology
Extremism_of_the_centre	sociology
Malestream	sociology
Relational-cultural_therapy	psychology
Stateless_nation	political_science
Anthropic_units	sociology
Heterotopia_(space)	anthropology
Psychopolitical_validity	psychology
Address	anthropology
Blau_space	sociology
Operant_conditioning	psychology
Silver_Gavel_Award	political_science
The_Elephant_in_the_Brain	psychology
Celebrant_Foundation_and_Institute	anthropology
Sarah_Kofman	psychology
Greed_versus_grievance	political_science
Empirical_psychology	psychology
Dignity_Taking	sociology
Estación_Cultural_Lucinda_Larrosa_Museum	anthropology
Penelope_Dransart	anthropology
Heino_Meyer-Bahlburg	psychology
Inclusion_(disability_rights)	sociology
Tonograph	anthropology
Contested_ideological_terrain	sociology
Social_organization	sociology
Corporative_federalism	political_science
Ritualization	psychology
Museum_of_Cultures_(Basel)	anthropology
Nude_wedding	anthropology
Processing_fluency_theory_of_aesthetic_pleasure	psychology
Pure_sociology	sociology
Theory_of_conjoint_measurement	economics
Túath	anthropology
Institutional_sclerosis	political_science
Digital_repatriation	anthropology
Political_culture_of_the_United_States	political_science
Strong_reciprocity	anthropology
Warrior_monk	anthropology
Cultural_divide	sociology
Entheogenic_drugs_and_the_archaeological_record	anthropology
Wish_fulfillment	psychology
Trusteeship_(Gandhism)	political_science
Administrative_history	political_science
Benevolence_and_the_Mandate_of_Heaven	political_science
Folk_linguistics	anthropology
The_Immanent_Frame	sociology
Closing_time_effect	psychology
Lynn_Bertholet	psychology
Instituto_Nacional_de_Antropología_e_Historia	anthropology
État_second	psychology
Social_risk_positions	sociology
Kazimierz_Twardowski	psychology
Sociology_of_Manchester	sociology
Latent_homosexuality	anthropology
Cosmos_and_Psyche	psychology
Family_values	
Hammerscale	anthropology
Causes_of_transsexuality	psychology
Argentine_Forensic_Anthropology_Team	anthropology
Political_culture_of_Germany	political_science
Institute_of_Political_Studies_in_Belgrade	political_science
Judicial_populism	political_science
Malikism_in_Algeria	political_science
Changing_Our_Minds:_The_Story_of_Dr._Evelyn_Hooker	psychology
Analytical_jurisprudence	political_science
Jeannine_Davis-Kimball	anthropology
Duggan-Cronin_Gallery	anthropology
Paleoradiology	anthropology
Psychology_of_social_class	psychology
Sociology_in_Russia	sociology
Seder-Masochism	anthropology
The_Saltmen_of_Tibet	anthropology
Polish_Sociological_Association	sociology
Kin_punishment	anthropology
Bryoria_fremontii	anthropology
Social_patriotism	political_science
Money-rich,_time-poor	anthropology
Human_sex_ratio	anthropology
Sumptuary_law	anthropology
Human_condition	anthropology
William_Wyse_Professor_of_Social_Anthropology	anthropology
Marine_reservoir_effect	anthropology
Latin_American_Public_Opinion_Project	political_science
Seven_Days_in_New_Crete	anthropology
Gender_disappointment	psychology
Transnational_capitalist_class	anthropology
Political_jurisprudence	political_science
Psychomotor_vigilance_task	psychology
Nahal_Amud	anthropology
Postmodernism_(international_relations)	political_science
ASUDAS	anthropology
German_Africa_Show	anthropology
Turnover-pulse_hypothesis	anthropology
Event_of_default	economics
Museu_da_Lourinhã	anthropology
Cautelary_jurisprudence	political_science
Master_status	sociology
Fiction-absolute	anthropology
Gender_survey_question	political_science
The_Wedding_Camels	anthropology
Bridey_Murphy	psychology
Law_of_effect	psychology
Psychology's_Feminist_Voices	psychology
Non-paternity_event	anthropology
Sanankuya	
Group_living	anthropology
Grave_goods	anthropology
James_Mellaart	anthropology
Scapulimancy	anthropology
Dr._Phil_(talk_show)	psychology
Traian_Brăileanu	political_science
Institutional_trust_(social_sciences)	sociology
Marischal_Museum	anthropology
Seat_of_government	political_science
Association_des_sociologues_enseignants_du_supérieur	sociology
Convergence-divergence_zone	psychology
Napoleonist_Syndrome	psychology
Famous_for_being_famous	sociology
Direct_historical_approach	anthropology
Sensory_Ethnography_Lab	anthropology
Dirty,_dangerous_and_demeaning	anthropology
Merton_thesis	sociology
Total_institution	sociology
Commission_for_the_Study_of_the_Tribal_Composition_of_the_Population_of_the_Borderlands_of_Russia	anthropology
List_of_psychology_journals	psychology
Prison_slang	sociology
Tranquillitas_ordinis	political_science
Actuel_Marx	political_science
Sa_Laurera	anthropology
South_African_jurisprudence	political_science
Randomized_response	political_science
Law_school_of_Berytus	political_science
Relationship_science	psychology
Cornell-Peru_project	anthropology
Legitimation_crisis	political_science
Public_opinion_of_the_2006_Thai_coup_d'état	political_science
Micro-inequity	anthropology
Registered_instrument	economics
Maia_Chung_Autism_and_Disabilities_Foundation	psychology
Natal_alienation	sociology
Secondary_mortgage_market	economics
Online_panel	political_science
Political_myth	political_science
Daimonic	psychology
Evolutionary_Studies_Institute	anthropology
Classification_of_Individual_Consumption_According_to_Purpose	economics
Vanishing_mediator	
Queen_bee_syndrome	psychology
Staring	psychology
Complex_society	anthropology
Public_morality	sociology
Panel_Study_of_Income_Dynamics	economics
Musée_de_l'Homme	anthropology
Cow_blowing	anthropology
Personal_data	anthropology
Economic_geography	anthropology
Luxembourg_Income_Study	economics
Visual_ethnography	anthropology
St_Kilda,_Britain's_Loneliest_Isle	anthropology
Historical_institutionalism	political_science
Gender_democracy	political_science
Net_reproduction_rate	anthropology
Zwischen_2_Welten	anthropology
CIRI_Human_Rights_Data_Project	political_science
Institutional_analysis	political_science
Ukrainian_world	political_science
Ceteris_paribus	economics
Utinahica	anthropology
Social_fact	sociology
Inner_city	sociology
Hang_Seng_Freefloat_Index_Series	economics
Socio-Economic_Panel	economics
Isotopic_signature	anthropology
Lucile_Eleanor_St._Hoyme	anthropology
J_curve	economics
Critical_international_relations_theory	political_science
Pitt_Rivers_Museum	anthropology
Guerrilla_theatre	political_science
Pseudospeciation	sociology
Smart_power	political_science
Contentious_politics	political_science
Chaîne_opératoire	anthropology
Hypodermic_needle_model	sociology
Sensobiographic_walking	anthropology
Shattered_assumptions_theory	psychology
Off_the_verandah	anthropology
Journal_of_Anthropological_Archaeology	anthropology
Linked_fate	political_science
Secondary_deviance	sociology
Incidents_of_Travel_in_Chichen_Itza	anthropology
Anders_Retzius_medal	anthropology
Concubinage_in_China	anthropology
Impressionable_years_hypothesis	political_science
Pendekar	anthropology
Intertemporal_equilibrium	economics
Khmer_Loeu	anthropology
Psychological_effects_of_male_infertility	psychology
Peace–industrial_complex	political_science
Sociological_Images	sociology
Cultural_analysis	anthropology
Protestant_work_ethic	sociology
Antecedent_(genealogy)	anthropology
Social_geometry	sociology
The_Establishment_(Pakistan)	political_science
Principle-policy_puzzle	political_science
Viking_Fund_Medal	anthropology
Multiplicity_(psychology)	psychology
Computer-assisted_qualitative_data_analysis_software	sociology
British_school_of_diffusionism	anthropology
Parallel_Polis	sociology
Mother_culture	anthropology
Prosopographical_network	sociology
World_polity_theory	political_science
Museum_Ethnographers_Group	anthropology
Irish_kinship	anthropology
Male_bonding	sociology
Symbolic_violence	sociology
Quasi-identifier	anthropology
Gallowglass	anthropology
Chinese_kin	anthropology
Marianismo	psychology
Specialist_in_Psychology	psychology
Intellidex	economics
Integrative_communication_theory	psychology
Ceremonial_pole	anthropology
Racial_formation_theory	sociology
Plains_Indians_Warfare	anthropology
Descent_from_antiquity	anthropology
A_Wife_Among_Wives	anthropology
Human_height	anthropology
Taiwan_International_Ethnographic_Film_Festival	anthropology
Hoplology	anthropology
Four_Minute_Men	political_science
Holocaust_trivialization	political_science
Marriage_promotion	political_science
Women's_fear_of_crime	psychology
Moral_conversion	anthropology
Anthropological_Society_of_South_Australia	anthropology
Narrative_communication	sociology
Value_judgment	
Collective_wedding	anthropology
NOMINATE_(scaling_method)	political_science
Helmut_Wautischer	anthropology
Social_media_use_by_Donald_Trump	political_science
Bitter_Honey_(2014_film)	anthropology
Self-made_man	sociology
Pre-Columbian_transoceanic_contact_theories	anthropology
Max_Nordau	psychology
Maloca	anthropology
Ex_(relationship)	anthropology
Children's_geographies	anthropology
Jetyata	anthropology
Geography_of_food	anthropology
Classical_general_equilibrium_model	economics
Comfort_object	anthropology
Eliticide	sociology
Inner_child	psychology
Thomas_R._Dye	political_science
Journal_of_Ethnobiology	anthropology
Institute_of_Human_Origins	anthropology
Cultural_code	sociology
Matrilineal_society_of_Meghalaya	anthropology
Matrilineal_belt	anthropology
Patrick_Reinsborough	political_science
Parakanã_people	anthropology
Margaret_Mead_Film_Festival	anthropology
Political_symbolism	political_science
Max_Planck_Institute_for_Social_Anthropology	anthropology
Mountain_Jews	anthropology
Genome-wide_complex_trait_analysis	psychology
Pronoun_avoidance	anthropology
Indigenous_inhabitants_of_the_New_Territories	sociology
Homo_bodoensis	anthropology
Prenatal_hormones_and_sexual_orientation	anthropology
Secret_dating	sociology
Ferdinand_Tönnies_Society	sociology
CAFFE_–_Coordinating_Anthropological_Film_Festivals_in_Europe	anthropology
Educational_anthropology	anthropology
Layered_account	sociology
Father_absence	psychology
Dibling	anthropology
Laura_Huertas_Millán	anthropology
Visual_autoethnography	anthropology
Les_maîtres_fous	anthropology
